iteration,total_runs,mean,standard_deviation,min,max,0,1,2,3,4,5,6,7,8,9,10,11,12,13,14,15,16,17,18,19,20,21,22,23,24,25,26,27,28,29,30,31,32,33,34,35,36,37,38,39,40,41,42,43,44,45,46,47,48,49,50,51,52,53,54,55,56,57,58,59,60,61,62,63,64,65,66,67,68,69,70,71,72,73,74,75,76,77,78,79,80,81,82,83,84,85,86,87,88,89,90,91,92,93,94,95,96,97,98,99,100,101,102,103,104,105,106,107,108,109,110,111,112,113,114,115,116,117,118,119,120,121,122,123,124,125,126,127,128,129,130,131,132,133,134,135,136,137,138,139,140,141,142,143,144,145,146,147,148,149,150,151,152,153,154,155,156,157,158,159,160,161,162,163,164,165,166,167,168,169,170,171,172,173,174,175,176,177,178,179,180,181,182,183,184,185,186,187,188,189,190,191,192,193,194,195,196,197,198,199,200,201,202,203,204,205,206,207,208,209,210,211,212,213,214,215,216,217,218,219,220,221,222,223,224,225,226,227,228,229,230,231,232,233,234,235,236,237,238,239,240,241,242,243,244,245,246,247,248,249,250,251,252,253,254,255,256,257,258,259,260,261,262,263,264,265,266,267,268,269,270,271,272,273,274,275,276,277,278,279,280,281,282,283,284,285,286,287,288,289,290,291,292,293,294,295,296,297,298,299,300,301,302,303,304,305,306,307,308,309,310,311,312,313,314,315,316,317,318,319,320,321,322,323,324,325,326,327,328,329,330,331,332,333,334,335,336,337,338,339,340,341,342,343,344,345,346,347,348,349,350,351,352,353,354,355,356,357,358,359,360,361,362,363,364,365,366,367,368,369,370,371,372,373,374,375,376,377,378,379,380,381,382,383,384,385,386,387,388,389,390,391,392,393,394,395,396,397,398,399,400,401,402,403,404,405,406,407,408,409,410,411,412,413,414,415,416,417,418,419,420,421,422,423,424,425,426,427,428,429,430,431,432,433,434,435,436,437,438,439,440,441,442,443,444,445,446,447,448,449,450,451,452,453,454,455,456,457,458,459,460,461,462,463,464,465,466,467,468,469,470,471,472,473,474,475,476,477,478,479,480,481,482,483,484,485,486,487,488,489,490,491,492,493,494,495,496,497,498,base
0,500,7048.85,1864.6,3369.5,12121.8,10261.2,6716.54,11868.2,6259.02,3846.53,7134.04,7145.19,6773.37,7313.03,6894.54,11845.1,7264.26,8904.96,4924.66,6736.6,5240.56,7961.25,6519.74,5504.67,5737.23,9098.16,6232.47,11092.1,5837.38,6924.26,7210.28,9508.39,7565.3,8972.64,5680.51,5309.52,8879.71,3499.87,9208.97,5004.01,6920.7,4868.46,4611.62,5517.51,6229.4,4939.18,7119.97,9328.17,10190.4,6480.07,6330.01,7173.65,6555.19,7843.75,7222.5,5773.93,6327.12,6799.66,5100.66,7346.1,8679.75,6324.52,11823.9,5896.55,6918.95,4500.92,6884.62,7145.38,8658.83,6217,7504.78,5030.28,7841.43,5690.1,6304.37,6163.02,8831.27,5786.98,9090.91,8314.58,7712.95,,6699.59,7427.26,5122.41,6001.68,7685.08,9055.74,4894.93,6953.51,7100.86,7370.32,4968.03,8946.04,,10338,6139.76,7109.57,4155.82,7188.41,9337.81,8657.61,7968.47,4947.73,7327.91,3859.65,9172.99,11052.1,10447.7,11856.7,4044.39,7773.54,5927.12,7864.04,6111.34,10831.5,8330.29,10467.3,12121.8,4957.94,5183.38,6607.81,9455.97,6061.82,5530.13,6468.14,9354.17,6537.1,8952.54,6441.87,7167.35,5695.83,8241.97,5868.35,7222.15,9027.12,10736.3,6164.62,4886.9,8656.21,9449.54,4411.29,9336.79,4419.01,5350.99,7681.31,10997,5252.63,4891.46,9352.76,10429.9,11761.2,3840.93,6901.07,5825.09,7128.01,4314.05,7858.59,11111.5,5361.58,7555.02,4739.07,6564.2,10524.1,,6917.37,4483.06,3896.26,10616.7,8678.21,8417.98,6739.7,6165.42,7586.92,7710,10761.5,6181.12,7291.15,4731.46,5893.42,6103.4,9234.77,3369.5,5996.34,4685.74,4963.75,11463.5,9596.17,7065.5,5409.92,11603.1,8921.56,6882.81,5791.76,4715.02,7013.86,7359.77,10171.5,7292.72,8091.72,8955.7,6336.84,8019.8,8012.08,8383.43,5277.97,7278.19,7207.3,7218.13,5345.63,8632.93,4646.79,3971.78,7531.06,7663.85,6040.88,4896.81,3926.36,6969.66,7089.43,9847.56,3779.77,8342.19,4804.61,5487.87,6046.19,8823.55,5065.5,3576.06,8268.84,6942.86,5601.02,4925.98,7996.78,7254,4087.68,4245.92,8787.91,6354.52,9189.73,9376.66,4773.29,8869.22,7844.41,7124.9,8801.38,5600.62,5100.35,5578.97,7324.93,5067.03,7143.04,4629.75,6239.19,7304.51,5998.09,6752.19,9426.67,7679.7,5744.64,8051.08,5816.59,8684.11,9749.06,3913.85,7101.05,7296.03,7085.76,7989.88,9045.35,5825.11,4223.69,8212.84,5616.17,9709.78,7672.98,8100.12,5211.52,6195.75,6517.61,5233.02,8841.99,5542.3,4574.44,5973.35,9213.65,8471.63,7799.92,7389.83,6025.43,8016.57,5569.83,7647.79,10272.2,5771.95,5738.06,6921.62,8595.37,7745.09,3706.44,4782.29,5979.46,5474.6,4952.13,5690.71,9273.87,6685.32,7228.33,8312.8,6931.25,9951.93,8973.66,8829.36,6019.38,5638.17,4599.66,5460.28,7385.38,4133.94,5928.78,6152.3,7542.05,7234.81,5601.77,7421.99,6850.52,9146.24,5898.64,5620.06,4603.55,7056.13,7962.47,6145.85,,4906.82,6094.57,,7767.51,4522.23,9561.25,9247.2,6176.82,7478.46,4977.69,7519.14,4982.05,7478.08,5531.95,6142.35,8045.05,5283.17,6819.23,5874.62,6720.89,8428.17,6742.75,5551.75,6433.78,4838.31,5389.64,11450.9,4857.57,8523.69,6489.16,5553.96,4955.13,6386.27,6381.23,10990.7,4274.98,8239.17,6477.86,6276.77,6950.58,3535.97,7614.61,6497.57,6622.68,7180.86,7048.89,5363.93,4260.53,8863.96,7675.7,8691.09,4934.29,7996.27,7326.64,7235.31,7347.39,5694.42,5947.06,8894.89,7537.76,6446.74,9018.38,7294.64,4769.67,8507.44,11296.6,6690.43,10312.6,8407.49,7229.35,7346.05,8937.51,10254.2,5102.15,4498.65,6863.11,6006.59,5279.73,6477.9,7043.59,7630.43,,6729.21,4554.11,9595.68,6439.52,5439.05,5777.27,6052.63,8564.43,6290.87,7949.9,6334.44,6101.83,12100.9,6319.39,10479.1,4468.97,6274.34,7772.09,7022.69,5451.56,6321.15,5578.28,5743.42,12037.7,8392.88,4479.75,11986.6,6567.54,6065.92,5302.7,11273.1,9742.75,5968.42,9099.81,7047.89,8263.82,5523.6,8268.79,7745.75,5391.65,7952.08,6029.29,7794.54,9236.34,7670.59,5538.39,6677.27,4805.99,8509.61,7580.37,9169.6,7712.92,6156.53,6164.1,9096.49,4574.2,10907.2,6373.01,6158.05,,6135.6,7692.2,7871.91,5559.63,6037.65,11029,7605.04,4167.72,7027.31,7831.54,7146.5,4780.28,4388.21,7457.1,6629.97,7846.09,6230.4,4459.63,6715.93,6017.62,8902.72,5793.4,8968.08,6050.3,11275.5,10717.2,4770.78,8675.89,6710.94
1,1143,4298.55,781.913,2834.12,6287.67,5798.04,3584.92,5269.58,3877.63,3366.43,4761.77,4180.01,3601.34,4894.37,5108.32,5035.46,4073.59,4893.06,3521.35,4177.26,3145.68,4436.19,4906.06,3119.14,3565.23,4783.48,3754.6,5645.92,3772.3,4506.1,3830.18,5318.33,5448.21,4336.4,4613.97,4254.67,6143.11,2977.51,5274.85,3938.55,4072.59,3397.65,3763.96,4228.65,5157.92,3521.73,4955.9,4144.38,5554.57,3905.91,4473.28,3919.36,4044.74,4555.21,3685.91,3964.28,4797.25,4351.12,3318.65,5156.84,5351.72,3681.23,,3302.13,4111.63,3872.21,4512.09,3771.92,5355.88,3515.36,3890.84,3456.01,4200.51,4787.97,3830.11,4075.51,5236.81,3024.43,6172.65,4135.1,5535.25,,3809.13,4287.32,3289.74,4408.28,5404.79,5833.17,3363.24,4892.78,5165.55,4624.01,3256.82,5916.47,,5129.58,4273.74,4955.97,3673.39,4346.7,4135.62,4398.38,5432.75,4040.38,4795.53,3123.87,5141.69,5036.18,5694.74,5194.29,3049.56,3754.81,3295.42,4277.23,5302.78,5238.19,5494.28,5394.13,5842.07,3482.31,3888.6,4146.38,5280.09,3645.8,3716.81,5001.21,4611.12,4914.75,4267.06,3732.05,4260.09,3971.85,4844,4368.56,4907.55,4264.15,5405.2,4330.09,3832.28,4688.44,4407.74,3092.84,5680.3,3862.98,4285.48,4614.26,5037.51,4116.7,3241.01,5196.22,5721.46,5722.33,3110.82,2993.87,3743.89,5179.88,2949.09,4072.56,5566.93,3347.33,4911.99,3547.59,5357.43,6030.33,,5219.47,3574.36,3331.56,5170.12,4685.48,4703.68,4263.88,4485.41,4472.75,5017.53,5305.02,3847.59,3973.31,3217.04,4397.85,3410.5,5461.2,3008.7,3739.14,3302.36,3371.44,,4681.46,3316.16,3597.88,5918.74,4176.95,4564.54,4211.62,3290.76,3542.51,5282.58,4242.78,4410.59,3659.11,4413.01,4064.92,5162.95,6201.36,4040.96,3555.45,4528.01,3907.88,3847.42,3460.1,5242.58,3601.66,3460.47,4462.58,5502.91,3950.53,3204.66,3067.31,4472.78,4303.93,5857.39,3136.18,4504.16,3659.85,3704.69,3675.21,4782.22,3311.6,2937.29,4538.66,4583.49,3678.27,3539.52,4197.31,3975.5,3092.04,2986.62,4173,3802.91,5992.72,,3331.59,4896.45,4649.66,3147.19,5221.36,4052.68,3699.06,3889.51,5932.45,3826.2,4736.22,3243.47,4338.51,4024.52,4145.37,4888.73,5490.4,6223.03,3613.83,4014.56,3800.61,4116.72,4298.6,3133.74,4795.05,4969.29,4126.93,4468.71,4956.23,3312.56,2895.5,4743.54,3848.01,5209.85,4714.44,4681.14,3540.15,4456.47,4715.75,3791.2,3824.23,3979.31,3050.95,3612.34,5833.91,4689.37,4126.42,4519.78,4133.23,3552.63,3429.38,4335.85,5997.8,3471.82,3414.69,4169.64,4485.67,4811.41,3128.22,2956.96,3514.69,3149.2,3330.08,3274.17,4756.72,3488.06,4247.5,4634.35,4870.17,5982.51,4721.94,4343.55,4918.4,3725.85,3491.61,3852.16,4178.19,3469.72,4123.47,3525.67,6287.67,5541.58,3560.55,5474.31,4503.03,5349.51,4144.71,4251.1,3200.8,4087.95,4538.44,4491.54,,3325.89,3541.34,,4908.86,3220.64,4769.11,4965.98,3949.95,5109.27,3552.84,4598.33,4017.66,4008.98,4145.17,4210.1,4339.62,3494.05,4473.84,4031.99,3428.42,5503.81,3788.2,3785.44,3986.54,3895.15,3923.53,,3705.33,5951.29,3642.36,4302.05,3762.82,4814.35,3760.31,5528.48,3142.62,4825.4,4343.07,3176.18,4173.82,2834.12,4489.23,3519.53,3983.49,4376.2,3914.09,3468.34,3264.24,4593.17,4948.6,4523.04,3545.23,5240.12,3829.39,4302.15,5237.24,3441.74,3419.28,4730.14,5003.16,3665.93,5219.57,4052.38,3769.26,5872.32,4872.13,4848.42,5894.26,4597.15,5271.13,3787.03,5136.95,5952.8,4040.48,2994.96,3446.85,3310.58,3935.81,4494.48,4133.37,5010.27,,3925.09,4158.81,5057.9,4004.51,4088.33,4200.96,4302.57,5429.57,3970.77,4934.06,4372.03,4640.24,,5019.75,5372.21,3623.13,3941.54,4053.72,4527.14,4440.09,3886.29,3322.75,3663.36,5203.92,5489.88,3477.56,4364.86,4001.81,3734.74,3458.28,,4646.13,3191.85,5224.68,4669.59,4935.85,3640.54,5030.23,4097.92,4238.46,4981.7,3071.91,3805.41,5402.81,5713.66,3411.51,4048.4,3504.77,4341.52,5026.86,4635.84,4250.59,4685.79,4242.21,5091.29,3659.94,5635.58,3381.73,4826.55,,4419.23,5253.05,3915.37,3126.05,4134.87,6140.89,4291.25,3481.94,3977.16,4981.68,4839.57,3502.73,3417.97,4279.04,3874.62,4639.67,3568.23,3747.72,5944.21,3707.3,3971.43,4062.61,5600.66,3799.93,5346.27,4996.28,3557.62,4426.12,4008.38
2,1780,3533.1,509.801,2695.45,4855.44,4322.6,3189.19,3553.71,3107.38,2958.66,3704.47,3194.24,2921.74,4141.31,3920.19,3681.32,3190.79,3719.79,3246.64,3432.78,2854.6,3286.43,4430.28,2876.07,3241.63,3475.58,3278.36,4491.6,3205.97,3633.01,3170.92,3988.34,4214.16,3902.99,4044.88,3956.81,4315.16,2741.47,4553.23,3286.11,3408.23,2942.76,2999.12,3356.23,3869.29,3109.84,4174.29,3321.8,,3323.23,3730.89,3520.5,3416.69,3438.32,3239.62,3248.47,3884.24,3263.37,2842.68,4337.24,4284.44,3223.01,,2917.72,3425.63,3145.51,3335.66,3375.89,4137.23,3023.04,3220.59,3161.54,3276.85,4326.15,3149.99,3534.24,3821.48,2760.05,4407.48,3465.33,4228.73,,2987.34,3729.76,3101.87,4036.35,4349.08,4541.42,2855.38,3876.94,4445.86,3314.69,2791.43,4538.76,,3735.1,3449.73,4441.69,2917.44,3467.36,3417.19,3626.8,4090.7,3459.04,3857.91,2875.87,3935.13,4159.98,3958.2,4243.07,2755.7,3218.99,2908.88,3336.45,4610.78,4273.94,4776.88,4637.78,4775.91,2941.24,3541.13,3549.5,3880.72,3205.32,3035.86,4458.86,3658.97,3842.93,3596.77,3022.8,3629.77,3261.42,3785.31,3488.97,4166.7,3455.88,4019.01,3663.29,3300.41,3547.58,3191.22,2889.66,4130.78,3079.28,3470.59,3788.56,3792.94,3561.45,2933.37,4149.26,4436.25,4295.48,2946.85,2767.45,3268.69,4156.27,2762.03,3584.64,4710.81,2979.5,3944.84,3075.18,4000.19,4519.5,,4317.79,3246.69,3068.5,4308.64,3953.34,4084.33,3561.51,3887.45,4035.68,3905.12,4374.31,3531.18,3463.31,3012.88,4039.08,3196.8,4096.31,2912.65,3023.27,2986.19,2993.43,,3864.87,2907.23,3330.7,4598.83,3518.8,4078.17,3455.55,3123.33,3004,4338.98,3183.31,3351.92,3190.75,3285.86,3439.87,4526.76,4090.17,3158.94,3256.36,3392.02,3317.12,3050.7,3032.47,4229.92,3318.23,3041.02,3573.76,4715.56,3527.6,2763.92,2741.83,3827.51,3914.53,,2966.38,3609.88,3041.03,2958.36,3406.6,4403.35,3061.89,2717.04,3538.41,3495.7,3091.23,2840.05,3410.28,3057.26,2902.48,2818.57,3423.83,3102.62,,,2828.37,4021.5,3432.23,2797.36,3920.19,3201.59,3302.01,3523.91,4104.35,3350.34,3655.27,3064.23,3861.85,3379.65,3674.76,4237.87,4575.79,,3123.18,3184.48,3407.23,3282.28,3741.2,2969.01,3346.95,4279.99,3516.65,3608.93,3835.19,2816.26,2779.64,3496.6,3169.29,3933.36,3849.14,4009.17,3171.35,3598.02,4280.89,3261.54,3197.7,3525.36,2874.32,3137.96,4450.29,3916.19,3668.24,3618.13,3154.25,3028.61,2897.3,3652.07,4181.19,3069.5,2873.43,3898.94,3998.44,3471.42,2986.52,2739.21,3162.7,2783.17,2839.85,2799.97,3669.91,2895.81,3487.67,3729.17,3627.98,,3363.05,3722.99,3812.5,3254.73,3331.6,3550.18,3599.05,2912.28,3636.51,3074.47,,4608.32,2905.99,4488.22,3313.87,4623.3,4007.65,3389.73,2920.13,3160.54,3320.87,3932.78,,2954.68,3122.41,,3680.03,2823.54,3817.91,3778.65,3300.51,3934.16,3181.04,3371.26,3653.18,3539.43,3553.49,3553.15,3463.9,2962.58,3929.01,3111.73,2855.92,4468.38,3297.32,3090.23,3128,3541.67,3325.05,,3181.31,4226.59,3255.22,3504.23,2867.35,4337.01,3072.63,4040.71,2858.86,4052.67,3386.48,2858.99,3329.12,2695.45,3287.99,3158.61,3169.06,3459.23,3358.28,2872.96,2820.89,3757.75,3639.72,3814.1,3089.06,4517.4,3415.16,3031.75,4088.91,2854.23,2801.08,3656.33,3634.9,2954.12,3514.05,3701.94,3472.26,4106.62,3630.57,4282.81,4482.49,3181.85,4182.38,2991.58,3915.92,,3573.91,2838.29,3046.94,2867.75,3227.24,3849.46,3545.63,4329.16,,3297.26,3330.42,3770.84,3461.67,3063.73,3490.42,3125.93,4164.56,3309.29,4163.94,3922.43,3825.91,,4020.82,4091.66,3048.44,3512.23,3428,3567.19,3375.49,3447.16,2837.43,3208.15,4134.27,4836.63,2970.92,3186.02,3317.01,3239.72,2859.22,,3846.75,2939.23,3921.24,3385.94,3903,2918.92,3991.85,3775.34,3806.1,4209.63,2765.66,3295.61,4261.75,4502.92,2974.53,3420.26,3135.73,3266.57,3699.73,4084.7,3686.86,3650.66,3551.01,3747.61,3233.88,4705.38,3043.76,4099.92,,3390.79,4855.44,3338.27,2827.31,3345.59,4777.6,3485.38,2894.09,3342.65,4025.74,3947.36,3081.68,3140.23,3376.96,3570.42,4170.91,3194.1,3490.38,4623.66,3415.17,3538.45,3313.11,4835.02,3242.4,4277.12,3762.76,3136.65,3409.19,3304.48
3,2410,3302.01,418.638,2673.55,4372.36,3968.52,3110.44,3313.28,2850.89,2872.73,3386.8,3017.39,2793.05,3908.82,3659.89,3424.98,2949.74,3409.52,3188.65,3212.58,2809.27,3087.02,4321.97,2805.93,3159.08,3266.67,3091.7,4112.7,3074.43,3350.86,3001.8,3765.55,3855.57,3751.88,3850.73,3822.91,3978.94,2706.75,4151.59,2987.08,3191.16,2877.37,2779.14,3100.51,3476.32,2958.72,3926.87,3057.62,,3094.97,3458.65,3415.75,3143.96,3091.36,3027.43,3062.52,3635.64,3013.61,2727.39,3966.77,3923.34,3132.85,,2758.45,3133.09,2884.78,3131.71,3281.42,3792.57,2930.16,3028.54,3040.11,3056.34,4112.66,3000.85,3365.17,3423.39,2726.85,3909.09,3153.84,3840.44,,2797.22,3538.88,3052.46,3931.78,3836.3,4105.31,2754.89,3543.8,4268.14,3150.94,2734.42,4139.63,,3505.14,3093.07,4269.74,2769.18,3158.83,3209.05,3342.25,3714.34,3180.95,3540.04,2839.01,3555.31,3782.69,3668.62,3883.3,2701.33,3070.29,2763.97,3095.81,,3896.46,,4281.17,4271.03,2841.9,3375.12,3435.22,3383.72,3089.77,2831.66,4240.57,3341.72,3623.69,3235.67,2837.81,3357.98,3130.57,3459.4,3334.7,3675.36,3201.42,3672.65,3466.7,3133.61,3259.29,3010.73,2853.32,3786.53,2922.39,3221.18,3520.73,3469.85,3295.57,2828.41,3817.13,4025.15,3816.54,2901.19,2744.09,3170.53,3791.75,2732.78,3297.5,4277.97,2862.14,3626.83,2904.21,3656.45,4156.97,,4058.31,3159.12,3003.64,3867.15,3650.88,3827.05,3244.06,3588.29,3844.72,3549.68,3895.57,3439.48,3367.21,2975.89,3925.91,3133.27,3694.19,2885.55,2879.63,2901.58,2920.42,,3531.75,2798.72,3259.46,4235.93,3238.82,3939.43,3196.24,3060.39,2882.51,3941.51,2976.01,3054.54,3042.86,3120.55,3160.19,4342.68,3747.75,3029.51,3186.97,3142.91,3116.11,2879.32,2975.14,3748.61,3243.36,2925.67,3344.98,,3417.39,2704.31,2709.84,3559.65,3768.34,,2913.65,3324.81,2924.32,2776.84,3316.51,4254.48,2977.57,2673.55,3270.21,3204.86,2886.59,2751.2,3214.5,2863.86,2866.82,2750.35,3217.57,2950.37,,,2749.5,3681.29,3130.31,2734.27,3663.5,2976.25,3175.4,3399.51,3823.47,3224.86,3425.9,3003.04,3691.93,3188.31,3569.39,4049.91,4210.88,,2934.28,2946.42,3322.93,3100.65,3435.79,2903.2,3095.9,4102.55,3140.44,3356.33,3394.22,2727.84,2733.4,3147.19,3057.09,3581.82,3497.91,3748.99,3119.45,3350.35,4192.99,3011.36,3044.95,3395.34,2822.53,3016.86,4132.92,3664.48,3475.41,3310.74,2893.3,2861.67,2753.38,3438.71,3736.62,2950.34,2721.71,3803.67,3881.11,3198.59,2950.05,2699.7,3044.59,2714.31,2713.09,2698.3,3315.48,2793.55,3205.91,3467.22,3394.47,,3126.1,3497.94,3512.67,3164.38,3271.72,3495.48,3477.62,2757.46,3424.26,2978.16,,4297.57,2792.79,4137.8,3133.68,4372.36,3910.27,3043.13,2828.82,2957.43,3078.07,3733.33,,2796.99,2994.5,,3386.37,2737.04,3441.37,3387.94,3126.57,3581.38,3071.48,3119.75,3539.95,3415,3308.54,3296.1,3206.75,2836.54,3699.21,2832.02,2724.64,4081.98,3123.38,2913.19,2935.74,3463.41,3109.35,,3063.19,3889.06,3136.79,3273.92,2760.87,4176.2,2915.98,3645.2,2799.3,3737.69,3139.74,2765.09,3070.93,2676.81,3041.53,3054.27,2912.75,3229.36,3158.61,2784.17,2705.86,3469.25,3309.97,3524.99,2977.14,4247.76,3322.4,2848.6,3757.94,2771.76,2715.75,3409.3,3284.47,2778.4,3231.96,3527.84,3359.47,3663.56,3276.3,4151.49,3961.43,2974.77,3710.39,2851.73,3657.83,,3484.23,2792.24,2955.94,2756.97,3068.43,3721.76,3323.15,4083.67,,3129.5,3028.25,3459.94,3247.1,2831.2,3191.48,2965.48,3718.56,3137.24,3796.41,3751.94,3634.82,,3626.51,3741.41,2840.8,3368.73,3199.71,3201.12,3138.78,3322.66,2746.36,3129.17,3631.15,,2787.22,2969.87,3082.83,3146.91,2761.99,,3508.45,2852.54,3595.16,3087.85,3626.53,2783.11,3576.27,3665.03,3672.15,3963.18,2694.02,3165,3922.94,4194.77,2891.93,3309.91,2926.22,3075.14,3427.75,3917.01,3558.26,3323.87,3230.03,3540.17,3067.81,4329.29,2967.97,3681.71,,3188.71,,3137.81,2726.1,3225.25,,3191.69,2773.76,3112.88,3671.9,3557.25,2981.71,3058.78,3061.51,3424.57,4021.29,3014.33,3421.48,4238.05,3340.71,3324.51,3140.77,,2957.79,3840.04,3368.94,3032.73,3160.85,3064.73
4,3033,3227.91,403.476,2654.54,4241.35,3811.87,3061.92,3216.5,2791.16,2816.33,3324.31,2926.45,2740.04,3860.43,3568.9,3298.16,2845.29,3313.08,3170.98,3146.86,2769.43,2976.91,,2782.65,3119.9,3178.07,3028.15,4103.26,3024.78,3282.54,2940.85,3695.57,3706.96,3681.59,3768.42,3755.58,3806.77,2682.66,4054.28,2892.92,3102.6,2831.28,2711.86,3039.53,3372.27,2866.13,3855.08,2955.18,,3003.11,3384.6,3369.29,3107.13,3005.13,2977.26,3015.58,3501.24,2900.68,2682.99,3798.76,3820.23,3103.53,,2689.63,3067.39,2828.36,2974,3257.7,3739.27,2879.39,2919.32,2978.31,2978.24,4028.73,2925.75,3294.98,3313.23,2699.69,3829.54,3051.99,3787.41,,2741.65,3468.26,3030.38,3902.96,3740.67,3982.33,2703.61,3461.75,4169.24,3069.43,2705.55,4087.61,,3442.5,2984.09,4200.03,2697.05,3085.95,3102.95,3258.01,3614.62,3121.14,3522.59,2812.59,3434.02,3661.34,3604.58,3711.27,2678.74,3005.91,2713.63,2997.77,,3808.59,,4235.63,4141.98,2799.23,3325.67,3393.27,3300.6,3030.57,2765.54,4136.84,3195.34,3572.01,3070.39,2788.3,3323.49,3060.29,3383.48,3249.02,3575.51,3125.89,3582.48,3392.76,3054.73,3137.15,2928.62,2817.71,3750.43,2855.89,3064.45,3421.93,3363.77,3235.14,2775.99,3746.33,3922.96,3656.6,2859.75,2721.99,3126.03,3656.68,2709.56,3197.5,4162.38,2821.27,3523.84,2833.67,3545.92,3993.84,,3930.02,3103.31,2976.16,3816.82,3544.19,3682.9,3180.74,3535.68,3753.4,3485.49,3841.66,3390.44,3307.22,2954.23,3871.15,3097.9,3597.27,2856.56,2795.97,2845.59,2884.14,,3460.09,2732.87,3218.28,4134.44,3186.46,3829.72,3100.77,3033.93,2825.16,3843.17,2894.37,2985.09,2978.33,3035.21,3116.52,4211.3,3670.24,2948.57,3143.22,3040.2,3032.34,2800.51,2939.24,3556.67,3205.36,2846.59,3236.27,,3370.38,2682.24,2687.86,3447.69,3706.97,,2874.35,3242.47,2893.16,2714.25,3277.01,4167.72,2942.17,2654.54,3201.51,3114.08,2826.01,2713.48,3156.04,2781.28,2843.59,2712.28,3133.21,2891.11,,,2705.29,3600.94,3028.84,2708.96,3551.11,2896.26,3141.38,3341.35,3730.76,3169.17,3342.55,2960.38,3609.56,3137.43,3526.37,3958.62,4170.23,,2855.65,2870.24,3288.91,3002.01,3329.8,2868.46,2987.35,4003.98,3058.72,3277.97,3344.86,2684.49,2705.76,3073.88,3010.74,3510.92,3402.89,3614.71,3091.15,3235.75,4161.14,2917.88,2985.17,3334.25,2795.07,2975.36,4076.32,3618.91,3393.24,3230.34,2827.4,2808.86,2697.61,3381.3,3656.68,2875.22,2680.07,3758.04,3822.44,3103.45,2926.3,2679.45,2977.98,2684.28,2663.85,2660.98,3212.75,2746.29,3096.21,3360.82,3268.63,,3009.21,3406.22,3458.67,3107.68,3243.57,3463.99,3414.28,2707.95,3364.45,2926.72,,4238.55,2737.91,4076.57,3027.99,4241.35,3870.98,2988.02,2776.95,2890.28,2976.26,3675.08,,2755.79,2926.34,,3237.26,2707.39,3369.9,3273.65,3065.71,3470.56,3033.85,3023.3,3480.79,3357.66,3173.51,3238.11,3139.35,2791.27,3617.36,2755.01,2679.35,3997.22,3050.94,2829.78,2849.11,3417.95,3012.49,,2999.36,3851.37,3077.03,3205.85,2709.55,4100.55,2830.65,3583.74,2761.09,3642.45,3029.48,2724.32,2986.65,2664.47,2953.39,3006.92,2845.56,3169.87,3096.04,2723.5,2671.22,3436.17,3193.44,3445.53,2920.08,4109.8,3273.9,2768.59,3581.68,2721.78,2679.61,3318.35,3208.61,2701.49,3108.79,3437.59,3329.98,3527.28,3154.13,4096.14,3826.66,2882.56,3610.32,2786.61,3603.82,,3435.28,2765.24,2909.67,2710.07,2978.36,3679.96,3249.59,3913.72,,3064.26,2927.61,3370.05,3172.38,2781.12,3141.37,2886.59,3580.9,3104.87,3739.16,3680.17,3563.38,,3538.93,3650.3,2780.7,3302.68,3040.84,3084.06,3087.21,3272.87,2709.3,3090.36,3524.98,,2720.92,2894.24,3053.44,3104.7,2720.19,,3415.42,2802.58,3511.79,2991.48,3559.4,2725.06,3532.81,3604.06,3604.48,3789.68,2671.35,3100.35,3850.08,4065.88,2841.64,3244.8,2836.18,2996.72,3325.17,3864.64,3498.05,3234.47,3196.18,3460.89,2979,4151.86,2922.74,3627.01,,3135.47,,3043.94,2689.85,3208.53,,3113.55,2722.43,3012.8,3638.35,3485.63,2927.95,3010.54,2993.53,3364.97,3967.73,2951.18,3389.45,4170.89,3298.05,3254.72,3051.45,,2896.74,3758.48,3287.75,2983.92,3032.79,3028.94
5,3193,3227.08,402.555,2654.54,4241.35,3811.87,3061.92,3216.5,2791.16,2816.33,3324.31,2926.45,2740.04,3860.43,3568.9,3298.16,2845.29,3313.08,3170.98,3146.86,2769.43,2976.91,,2782.65,3119.9,3178.07,3028.15,4016.58,3024.78,3282.54,2940.85,3695.57,3706.96,3681.59,3703.86,3755.58,3806.77,2682.66,4054.28,2892.92,3102.6,2831.28,2711.86,3039.53,3372.27,2866.13,3855.08,2955.18,,3003.11,3384.6,3369.29,3107.13,3005.13,2977.26,3015.58,3501.24,2900.68,2682.99,3798.76,3820.23,3103.53,,2689.63,3043.94,2828.36,2974,3257.7,3739.27,2879.39,2919.32,2978.31,2978.24,4028.73,2925.75,3294.98,3313.23,2699.69,3829.54,3051.99,3787.41,,2741.65,3468.26,3030.38,3902.96,3740.67,3982.33,2703.61,3461.75,4169.24,3069.43,2705.55,4087.61,,3442.5,2984.09,4200.03,2697.05,3085.95,3102.95,3258.01,3614.62,3121.14,3522.59,2812.59,3434.02,3661.34,3604.58,3711.27,2678.74,3005.91,2713.63,2997.77,,3808.59,,4235.63,4141.98,2799.23,3325.67,3393.27,3300.6,3030.57,2765.54,4136.84,3195.34,3572.01,3070.39,2788.3,3323.49,3060.29,3383.48,3249.02,3575.51,3125.89,3569.88,3392.76,3054.73,3137.15,2928.62,2817.71,3750.43,2855.89,3064.45,3421.93,3363.77,3235.14,2775.99,3746.33,3922.96,3656.6,2859.75,2721.99,3126.03,3656.68,2709.56,3197.5,4162.38,2821.27,3523.84,2833.67,3545.92,3993.84,,3930.02,3103.31,2976.16,3816.82,3544.19,3682.9,3180.74,3535.68,3753.4,3485.49,3841.66,3376.36,3307.22,2954.23,3871.15,3097.9,3597.27,2856.56,2795.97,2845.59,2884.14,,3460.09,2732.87,3218.28,4134.44,3186.46,3829.72,3100.77,3033.93,2825.16,3843.17,2894.37,2985.09,2978.33,3035.21,3116.52,4211.3,3670.24,2948.57,3143.22,3040.2,3032.34,2800.51,2939.24,3556.67,3205.36,2846.59,3236.27,,3370.38,2682.24,2687.86,3447.69,3706.97,,2874.35,3242.47,2893.16,2714.25,3277.01,4167.72,2942.17,2654.54,3201.51,3114.08,2826.01,2713.48,3156.04,2781.28,2843.59,2712.28,3109.02,2891.11,,,2705.29,3600.94,3028.84,2708.96,3551.11,2896.26,3141.38,3341.35,3730.76,3169.17,3342.55,2960.38,3609.56,3137.43,3526.37,3958.62,4086.93,,2855.65,2870.24,3288.91,3002.01,3329.8,2868.46,2987.35,4003.98,3058.72,3277.97,3344.86,2684.49,2705.76,3073.88,3010.74,3510.92,3402.89,3614.71,3091.15,3235.75,4161.14,2917.88,2985.17,3334.25,2795.07,2975.36,4076.32,3618.91,3393.24,3230.34,2827.4,2808.86,2697.61,3381.3,3656.68,2875.22,2680.07,3758.04,3822.44,3103.45,2926.3,2679.45,2977.98,2684.28,2663.85,2660.98,3212.75,2746.29,3096.21,3360.82,3268.63,,3009.21,3406.22,3458.67,3107.68,3243.57,3463.99,3414.28,2707.95,3364.45,2926.72,,4238.55,2737.91,4076.57,3027.99,4241.35,3870.98,2988.02,2776.95,2890.28,2976.26,3675.08,,2755.79,2926.34,,3237.26,2707.39,3369.9,3273.65,3065.71,3470.56,3033.85,3023.3,3480.79,3357.66,3173.51,3238.11,3139.35,2791.27,3617.36,2755.01,2679.35,3997.22,3050.94,2829.78,2849.11,3380.94,3012.49,,2999.36,3851.37,3077.03,3205.85,2709.55,4100.55,2830.65,3583.74,2761.09,3642.45,3029.48,2724.32,2986.65,2664.47,2953.39,3006.92,2845.56,3169.87,3096.04,2723.5,2671.22,3436.17,3193.44,3445.53,2920.08,4109.8,3273.9,2768.59,3581.68,2721.78,2679.61,3318.35,3208.61,2701.49,3108.79,3437.59,3329.98,3527.28,3154.13,4096.14,3826.66,2882.56,3610.32,2786.61,3603.82,,3435.28,2757.3,2909.67,2710.07,2978.36,3679.96,3249.59,3913.72,,3064.26,2927.61,3370.05,3172.38,2781.12,3141.37,2886.59,3580.9,3104.87,3739.16,3680.17,3563.38,,3538.93,3650.3,2780.7,3302.68,3040.84,3084.06,3087.21,3272.87,2709.3,3090.36,3524.98,,2720.92,2894.24,3053.44,3104.7,2720.19,,3415.42,2802.58,3511.79,2991.48,3559.4,2725.06,3532.81,3604.06,3604.48,3789.68,2671.35,3100.35,3850.08,4065.88,2841.64,3244.8,2836.18,2996.72,3325.17,3864.64,3498.05,3234.47,3196.18,3460.89,2979,4151.86,2922.74,3627.01,,3135.47,,3043.94,2689.85,3208.53,,3113.55,2722.43,3012.8,3638.35,3485.63,2927.95,3010.54,2993.53,3364.97,3967.73,2951.18,3389.45,4170.89,3298.05,3254.72,3051.45,,2896.74,3758.48,3287.75,2983.92,3032.79,2992.65
6,3815,3187.6,383.54,2646.17,4158.55,3759.41,3041.71,3177,2777.41,2800.15,3299.19,2895.54,2721.29,3784.16,3474.83,3297.01,2820.54,3255.29,3159.21,3099.74,2759.2,2931.54,,2777.29,3112.91,3143.66,3000.55,3975.86,2989.85,3231.81,2906.86,3654.04,3637.18,3585.88,3667.57,3733.28,3771.45,2672.28,3957.78,2862.35,3069.65,2817.96,2686.1,3004.01,3310.14,2836.52,3808.81,2929.37,,2963.64,3315.36,3321.44,3077.2,2981.66,2949.28,3004.88,3447.03,2857.41,2669.52,3727.2,3765.89,3063.92,,2671.9,3029.87,2812.13,2927.12,3231.93,3646.85,2859.79,2888.74,2948.72,2945.44,3941.26,2895.92,3259.23,3279.97,2690.84,3773.12,3031.18,3768.98,,2718.85,3411.06,3019.2,3888.25,3662,3898.02,2689.79,3434.33,4100.16,3033.02,2697.04,4055.77,,3403.47,2935.98,4119.26,2678.38,3049.07,3067.37,3210.85,3547.87,3084.84,3465.01,2803.58,3387.9,3634.06,3597.03,3653.4,2670.18,2979.85,2693.52,2943.73,,3743.7,,4158.55,4067.55,2784,3284.98,3363,3304.82,3009.01,2734.59,4065,3139.06,3479.32,3040.97,2765.93,3275.44,3012.94,3357.35,3207.07,3503.92,3114.69,3545.15,3360.26,3017.49,3094.03,2916.91,2813.66,3766.8,2837.02,3016.69,3364.27,3362.39,3201.23,2765.47,3636.09,3874.99,3630.8,2851.58,2714.97,3108.6,3595.27,2699.93,3152.37,4056.32,2806.15,3461.77,2798.41,3543.81,3949.47,,3833.63,3084.46,2967.58,3728.03,3475.36,3614.45,3146.95,3468.66,3649.65,3412.71,3796.72,3368.36,3268.78,2948.02,3826.82,3086.4,3543.76,2845.94,2765.31,2828.36,2867.91,,3388.84,2714.5,3215.62,4073.05,3144.58,3748.98,3060.42,3029.01,2806.14,3763.54,2863.97,2966.93,2948.5,2987.11,3069.05,4097.19,3624.69,2923.26,3130.2,3000.76,2990.13,2776.97,2930.17,3523.11,3185.59,2812.56,3211.51,,3328.42,2670.37,2680.84,3397.77,3666.26,,2864.64,3206.25,2877.01,2693.65,3252.95,4130.51,2925.42,2647.72,3178.38,3059.06,2803.3,2695.97,3131.01,2762.63,2838.46,2701.94,3092.41,2866.14,,,2682.89,3545.88,2972.42,2696.42,3478.85,2873.62,3116.75,3317.43,3758.97,3136.16,3269.85,2949.38,3542.35,3100.61,3500.48,3886.52,4052.26,,2822.78,2838.79,3271.72,2965.44,3278.23,2857.61,2957.05,3914.58,3020.88,3238.04,3336.88,2669.73,2700.49,3058.2,2974.82,3496.62,3333.9,3552.08,3078.02,3197.78,4149.18,2884.12,2965.04,3272.26,2788.51,2955.31,3967.37,3567.56,3355.52,3190.32,2805.74,2795.01,2675.03,3344.34,3617.5,2841.38,2664.69,3731,3775.76,3081.97,2920.06,2668.62,2962.28,2670.85,2646.17,2651.51,3176.35,2721.47,3050.85,3315.36,3209.72,,2971.27,3347.11,3400.06,3082.81,3238.78,3457.58,3360.09,2691.63,3305.65,2907.8,,,2719.6,4022.08,2993.22,,3868.36,2955.86,2765,2865.8,2931.9,3622.88,,2734.22,2897.53,,3186.28,2694.93,3313.95,3223.86,3025,3465.59,3009.32,2981.3,3469.38,3292.6,3124.41,3186.31,3114.61,2775.4,3580,2731.87,2660.32,3895.02,3018.73,2801.63,2813.37,3363.69,2991.34,,2963.74,3834.51,3045.79,3183.59,2684.64,4012.18,2805.24,3544.43,2749.82,3605.3,3009.04,2711.85,2956.02,2658.53,2937.04,2986.92,2824.81,3136.34,3049.92,2707.46,2662.34,3375.63,3129.69,3391.34,2891.2,4047.81,3257.04,2743.54,3525.91,2700.7,2666.83,3273.86,3198.29,2675.77,3075.4,3403.62,3294.62,3483.56,3103.45,4025.93,3808.15,2844.64,3594.63,2764.19,3540.59,,3422.28,2753.55,2882.33,2688.45,2948.95,3640.28,3216.33,3842.92,,3036.25,2876.68,3310.39,3120.67,2755.43,3094.26,2848.09,3529.93,3057.33,3663,3623.61,3499.65,,3474.34,3585.19,2751.58,3251.69,3007.91,3054.68,3076.53,3236.14,2695.06,3071.07,3454.88,,2702.23,2863.67,3017.35,3089.9,2704.05,,3351.91,2786.81,3477.38,2981.07,3513.26,2702.26,3496.9,3562.53,3579.21,3744.16,2663.01,3068.84,3774.65,4013.13,2824.25,3203.25,2818.55,2969.94,3269.01,3788,3456.91,3199.53,3135.93,3412.49,2950.15,4068,2909.9,3565.27,,3092.48,,2995.9,2674.79,3229.83,,3072.81,2700.47,2990.45,3607.22,3439.41,2917.53,2999.94,2970.01,3322.03,3911.72,2936.54,3374.99,4063.32,3280.71,3221.41,2987.04,,2900.62,3720.03,3258.02,2967.1,3004.03,2974.26
7,4420,3165.97,373.997,2639.24,4102.74,3744.2,3034.74,3176.88,2771.83,2793.08,3286.03,,2712.15,3749.95,3426.49,3311.38,2806.97,3227.74,3153.53,3070.27,2752.93,2921.35,,2776.14,3109.98,3126.99,2980.21,3934.28,2972.5,3191.26,2885.4,3621.18,3619.67,3545.58,3640.43,3712.68,3768.87,2667.33,3910.98,2849.98,3052.62,2811.94,2674.54,2980.55,3295.99,2824.01,3746.37,2910.17,,2942.17,3279.09,3304.86,3057.7,2963.8,2931.33,2989.63,3404.81,2836.33,2664.33,3677.35,3741.68,3048.71,,2662.95,3025.6,2800.09,2904.05,3217.75,3601.21,2848.45,2874.66,2935.04,2927.3,3902.17,2874.73,3233.63,3285.39,2687.78,3727.51,3003.63,3755.39,,2708.84,3380.95,3014.31,3873.86,3646.81,3871.11,2683.74,3407.32,4038.17,3020.15,2693.71,4040.95,,3388.71,2916.89,4071.58,2669.36,3028.12,3046.6,3184.14,3532.91,3063.35,3413.58,2798.87,3375.38,3603.09,3582.89,3611.48,2666.66,2969.94,2687.64,2927.9,,3696.57,,4083.26,4039.4,2777.19,3262.13,,3300.06,2995.25,2720.87,4012.82,3125.27,3436,3041.91,2753.53,3233.68,2997.79,3352.34,3185.53,3461.67,3103.56,3519.74,3325.75,2995.62,3092.13,2908.6,2811.77,3765.78,2824.86,2997.98,3338.94,3381.99,3174.91,2762.21,3568.82,3863.26,3629.11,2848.35,2711.2,3106.24,3545.46,2694.64,3118.02,4010.72,2799.2,3425.62,2788.48,3521.52,3943.7,,3769.82,3078.16,2964.43,3690.3,3420.13,3565.12,3133.07,3420.19,3608.48,3386.07,3780.84,3364.31,3254.95,2944.31,3796.65,3082.95,3522.76,2843.56,,2819.36,2860.85,,3356.01,2708.06,3215.27,4054.71,3117.77,3712.88,3046.63,3027.93,2798.71,3723.68,2852.79,2948.49,2932.53,2958.4,3050.6,4058.17,3612.83,2901.53,3122.76,2976.73,2973.01,2763.05,2926.12,3504.78,3173.66,2806.19,3222.39,,3314.22,2664.17,2677.99,3361.89,3636.76,,2859.15,3187,2860.95,2684.78,3239.3,4102.74,2918.08,2643.12,3148.01,3038.31,2790.2,2688.85,3102.03,2749.37,2834.04,2696.72,3077.23,2848.72,,,2671.64,3509.88,2940.48,2690.41,3443.18,2858.6,3104.98,3303.36,3802.93,3119.19,3241.23,2942.86,3518.66,3072.61,3480.57,3841.69,3999.75,,2811.83,2827.2,3264.79,2945.79,3240.95,2852.79,2940.48,3875.22,2994.17,3210.59,3321.41,2662.82,2697.68,3046.19,2952.02,3455.34,3301.3,3505.66,3070.13,3166.89,,2863.27,2955.26,3246.93,2782.82,2951.59,3911.82,3519.69,3331.56,3169.05,2793.94,2788.01,2675.03,3302.78,3612.23,2829.11,2658.14,3714.95,3736.96,3073.42,2916.55,2664.01,2955.88,2665.6,2639.24,2647.09,3148.88,2715.75,3029.71,3277,3189.36,,2964.47,3323.71,3365.12,3074.3,3235.73,3451.09,3342.88,2685.04,,2898.77,,,2711.55,3964.96,2987.57,,3862.18,2933.81,2758.57,2862.66,2908.72,3596.72,,2724.45,2888.52,,3166.41,2689.75,3282.99,3201.76,2997.34,3477.36,3003.48,2968.27,3462.07,3272.91,3096.7,3148.8,3101.93,2768.29,3524.36,2719.66,2651.31,3855.83,3001.23,2792.77,2795.66,3360.12,2966.09,,2949.1,3838.85,3036.62,3166.04,2674.84,,2796.79,3511.07,2745.95,3558.36,3008.3,2706.23,2942.07,2654.15,2937.38,2970.96,2810.84,3105.87,3033.53,2698.83,2658.2,3345.65,3097.48,3361.66,2878.89,3978.52,3250.59,2733.07,3484.57,2690.32,2660.32,3242.59,,2663.29,,3393.06,3279.89,3477.45,3098.08,3993.28,3812.42,2821.72,3565.99,2754.69,3493.47,,3417.86,2749.93,2869.86,2679.99,2935.97,3621.42,3187.22,3793.2,,3023.34,2850.05,3281.47,3101,2743.75,3074.92,2832.39,3502.53,3039.02,3614.91,3598.86,3439.04,,3438.66,3584.07,2739.03,3229.95,2992,3025.03,3052.64,3222.94,2687.34,3065.88,3417.37,,2691.7,2852.78,2994.8,3083.96,2698.29,,3310.53,2782.34,3453.5,2989.05,3498.62,2694.05,3476.32,3547.45,3564.93,3689.55,2657.68,3055.77,3741.93,3943.9,2816.83,3176.39,2810.87,2950.42,3235.72,3748.82,3436.26,3190.15,3123.47,3389.45,2938.13,4026.62,2904.64,3534.17,,3073.91,,2980.31,2667.59,3234.28,,3045.95,2691.93,2974.78,3576.89,3402.32,2909.31,2990.14,2950.8,3299.13,3888.39,2926.39,3368.73,4004.25,,,2969.82,,,,,,,2956.28
8,5025,3152.13,367.59,2631.3,4051.58,3748.11,3031.7,3190.36,2766.83,2787.77,3278.92,,2701.97,3710.53,3389.03,3327.12,2792.54,3209.32,3151.38,3055.24,2750.72,2921.79,,2774.76,3110.76,3123.86,2967.99,3928.07,2959.86,3168.21,2874.17,3604.52,3597.33,3519.44,3630.05,3697.78,3741.48,2662.87,3914.31,2841.58,3042.04,2806.88,2664.25,2960.72,3273.73,2817.9,3719.44,2899.71,,2931.1,3261.01,3295.37,3033.09,2957.25,2915.89,2974.08,3384.93,2823.56,2659.48,3641.42,3706.98,3042.43,,2654.2,3021.73,2792.76,2883.55,3208.11,3579.44,2842.35,2860.5,2926.81,2920.19,3869.18,2855.85,3223.76,3297.3,2684.53,3702.18,2988.63,3754.2,,2697.2,3368.08,3012.27,3869.12,3638.18,3858.21,2678.86,3395.53,3987.23,3016.8,2690.44,4005.1,,3373.56,2904.01,4045.34,2660.87,3018.58,3029.38,3161.17,3524.48,3051.3,3377,2795.06,3371.86,3570.46,3563.68,3591.58,2662.84,2967.29,2683.62,2914.94,,3683.7,,4051.58,4019.29,2771.9,3251.93,,3285.28,2986.73,2705.93,3995.02,3133.74,3408.02,3043.74,2738.46,3211.25,2989.33,3334.9,3171.25,3461.59,3089.18,3498.55,3295.92,2983.21,3087.42,2906.94,2812.22,3760.17,2819.34,2985.23,3315.72,3399.69,3149.95,2762.52,3551.79,3870.41,3638.5,2846.7,2708.45,3105.32,3511.49,2689.04,3098.26,3955.68,2798.45,3397.57,2780.12,3491.31,3940.32,,3737.88,3075.62,2966.12,3671.07,3384.39,3525.28,3131.62,3384.49,3584.01,3363.68,3751.81,3368.59,3257.93,2944.86,3786.94,3085.34,3499.55,2843,,2811.24,2858.1,,3333.47,2700.96,3220.69,4037.87,3093.7,3692.48,3029.28,3029.18,2792.58,3701.51,2842.76,2929.15,2918.93,2946.67,3037.02,4038.08,3610.48,2901.87,3119.53,2953.35,2960.85,2745.92,2926.48,3485.52,3164.64,2802.67,3240.33,,3307.87,2656.33,2674.86,3342.26,3620.07,,2854.94,3183.65,2848.99,2676.65,3230.03,,2915.59,2637.6,3119.17,3032.11,2783.3,2681.22,3080.76,2739.45,2832.77,2692.38,3065.21,2837.16,,,2659.88,3482.48,2920.1,2683.86,3429.27,2844.96,3100.4,3299.02,3863.04,3114.54,3217.87,2939.84,3504.61,3055.3,3464.1,3819.06,3976.15,,2801.04,2819.07,3260.32,2942.08,3212.03,2850.76,2924.01,3848.01,2969.94,3187.36,3328.1,2656.62,2694.57,3030.34,2936.2,3426.44,3283.3,3472.58,3065.76,3146.75,,2848.98,2946.85,3234.08,2779.62,2952.28,3890.84,3504.87,3307.87,3157.88,2787.55,2781.49,2651.58,3272.33,3607.45,2819.15,2651.47,3708.91,3719.58,3062.94,2913.68,2658.42,2951.88,2660.81,2631.3,2642.27,3132.56,2709.12,3017.1,3245.04,3180.69,,2955.33,3301.28,3333.19,3070.39,3234.33,3451.27,3329.85,2679.17,,2895.5,,,2703.85,3936.83,2976.57,,3863.13,2917.48,2752.14,2872.47,2899.01,3583.92,,2715.17,2886.11,,3158.25,2686.99,3280.73,3179.28,2979.9,3456,3003.01,2972.64,3461.92,3261.34,3077.51,3126.48,3103.21,2763.67,3488.64,2707.13,2642.61,3827.26,2987.69,2786.91,2775.09,3364.11,2946.06,,2939.8,3831.81,3033.11,3150.26,2665.79,,2791.49,3498.65,2741.47,3535.92,3005.31,2701.71,2928.97,2648.34,2938.69,2963.55,2799.87,3083.03,3023.39,2691.21,2653.54,3320.33,3079.36,3335.97,2871.8,3937.79,3243.29,2719.05,3469.65,2681.27,2652.47,3232.66,,2651.37,,3383.75,3269.4,3470.87,3089.4,3965.69,3794.98,2804.91,3559.18,2745.79,3467.49,,3415.85,2746.83,2862.87,2670.98,2926.25,3608.54,3175.54,3769.28,,3013.55,2830.41,3274.98,3097.7,2731.65,3070.99,2824.32,3475.83,3029.58,3581.35,3585.71,3421.96,,3406.25,3588.19,2728.71,3220.08,2977.23,3011.66,3025.78,3213.86,2681.34,3063.85,3389.21,,2682.7,2838.96,2975.94,3082.11,2693.54,,3279.2,2780.68,3450.28,3002.29,3504.11,2685.79,3459.1,3536.8,3564.76,3646.91,2651.33,3047.86,3720.09,3919.36,2810.32,3169.84,2802.53,2935.2,3226.48,3724.56,3422.27,3188.26,3131.26,3396.19,2925.21,4007.19,2904.79,3508.24,,3055.23,,2969.09,2661.19,3257.05,,3020.09,2682.52,2963.34,3571.37,3367.31,2903.85,2981.61,2931.48,3278.3,3874.44,2919.54,3367.38,3966.89,,,2948.52,,,,,,,2943.16
9,5629,3148.52,367.354,2626.59,4050.46,3743.16,3031.31,3209.22,2767.38,2785.27,3277.56,,2696.52,3698.74,3376.92,3335.74,2784.08,3207.55,3154.04,3050.48,2749.74,2917.61,,2775.44,3111.92,3128.52,2965.23,3928.53,2954.71,3167.64,2868,3607.29,3589.97,3515.2,3630.83,3698.93,3729.58,2659.88,3916.46,2837.15,3042.4,2805.6,2659.66,2951.49,3270.91,2815.24,3716.15,2894.02,,2928.66,3258.58,3296.07,3026.91,2951.99,2911.49,2969.45,3382.25,2816.78,2656.92,3628.86,3697.33,3041.92,,2649.63,3007.5,2788.56,2874.94,3204.54,3580.52,2841.34,2856.57,2924.22,2920.91,3863.36,2849.84,3219.77,3302.64,2682.73,3682.43,2986.02,3761.38,,2690.98,3365.87,3013.11,3864.47,3637.58,3861.77,2677.14,3396.97,3980.45,3014.06,2687.97,3980.71,,3356.24,2897.17,4046.19,2656.82,3013.61,3024.18,3153.48,3532.64,3047.72,3359.11,2793.68,3373.17,3551.88,3544.61,3588.87,2660.54,2966.92,2681.18,2908.59,,3687.05,,4050.46,4022.01,2770.4,3251.17,,3270.57,2987.74,2697.29,3993.79,3151.19,3409.57,3043.31,2731.57,3209.09,2986,3322.7,3169.14,3462.38,3081.39,3498.78,3290.3,2977.85,3084.5,2905.09,2812.74,3755.53,2815.84,2975.67,3314.49,3394.06,3138.36,2762.31,3548.2,3880.5,3650.34,2847.53,2707.25,3103.31,3511.44,2686.52,3089.06,3943.5,2798.24,3389.34,2775.31,3471.26,3933.19,,3735.7,3078.42,2968.71,3673.98,3366.05,3510.92,3132.39,3373.58,3581.75,3349.24,3734.89,3370.57,3261.91,2946.76,3784.39,3087.78,3478.9,2843.23,,2808.06,2858.09,,3335.23,2697.63,3225.63,4022.46,3082.47,3690.8,3024,3029.5,2790.53,3679.95,2839.91,2919.16,2913.24,2942.52,3034.79,4037.2,3619.22,2908.41,3120.86,2941.28,2953.97,2735.42,2927.17,3482.59,3163.73,2801.57,3248.26,,3307.92,2651.78,2672.64,3328.38,3620.98,,2854.15,3178.27,2845.02,2672.15,3223.89,,2915.19,2634.73,3116.94,3028.39,2779.71,2676.91,3074.3,2734.81,2831.41,2690.09,3058.36,2832.82,,,2653.83,3470.65,2921.51,2679.92,3430.93,2838.63,3099.79,3297.47,3898.48,3114.5,3206.89,2939.37,3505.48,3045.63,3462.41,3814.26,3979.85,,2796.76,2812.99,3258.52,2942.2,3203.87,2849.63,2914.62,3838.13,2964.05,3181.22,3317.53,2652.28,2693.05,3020.26,2930.19,3407.37,3279.27,3466.2,3064.24,3142.76,,2840.87,2945.88,3232.47,2777.36,2953.68,3892.5,3507.44,3297.46,3154.6,2782.64,2776.78,2648.1,3268.78,3607.6,2817.06,2647.65,3708.32,3715.98,3052.29,2913.2,2654.97,2953.58,2659.47,2626.59,2639.95,3124.1,2705.4,3017.09,3234.93,3177.43,,2951.17,3291.21,3323.13,3071.95,3234.07,3451.85,3327.26,2675.79,,2897.47,,,2699.58,3909.83,2975.68,,3864.7,2911.4,2749.59,2875.68,2899,3583.12,,2711.29,2886.04,,3153.01,2686.17,3286.77,3166.38,2974.8,3435.16,3005.64,2983.39,3462.51,3256.61,3068.37,3127.33,3104.46,2761.17,3480.24,2701.19,2637.98,3802.09,2984.36,2783.99,2770.76,3365.19,2937.38,,2939.36,3828.92,3033.67,3145.05,2661.4,,2785.83,3487.08,2739.91,3532.8,3002.47,2700.15,2922.81,2644.73,2940.81,2962.51,2793.71,3074.89,3023.81,2685.69,2650.15,3314.79,3073.5,3332.12,2870.9,3932.74,3240.67,2712.43,3466.35,2677,2647.85,3223.12,,2647.03,,3381.69,3264.89,3461.55,3076.17,3961.63,3786.13,2800.94,3548.02,2741.51,3471.48,,3415.71,2746.4,2860.43,2666.07,2923.16,3602.4,3174.46,3763.79,,3010.83,2825.91,3269.55,3097.72,2725.18,3064.38,2820.65,3476.35,3026.72,3579.46,3585.09,3417.6,,3395.33,3590.97,2722.47,3218.99,2968.54,3005.01,3017.46,3211.84,2677.75,3063.9,3370.11,,2677.7,2832.21,2971.65,3081.18,2691.06,,3276.94,2778.31,3446.17,3019.18,3515.27,2681.79,3445.61,3538.39,3565.77,3643.28,2648.36,3047.48,3720.95,3911.66,2807.17,3165.93,2798.26,2924.94,3230.94,3725.49,3419.02,3177.3,3126.96,3395.81,2918.91,4010.43,2904.86,3486.41,,3043.25,,2965.93,2657.81,3278.77,,3007,2677.42,2958.34,3575.59,3355.65,2903.86,2978.5,2921.94,3273.98,3871.98,2918.48,3366.68,3959.14,,,2937.12,,,,,,,2939.65
